{
  "pharmacies": [
    {
      "name": "Peace PharmacySponsored",
      "website": "http://peacepharmacy.co.uk/",
      "phone": "020 8904 2071 ",
      "address": "We serve Harrow|Wembley,HA9"
    },
    {
      "name": "Anmol Pharmacy Ltd",
      "website": "/customerneeds/sendenquiry/sendtoone/100040659871000020?searchedLocation=Harrow",
      "phone": "02039787032 ",
      "address": "We serve Harrow|Southall,UB1"
    },
    {
      "name": "Webber Pharmacy",
      "website": "http://www.webberpharmacy.co.uk",
      "phone": "020 8427 2350 ",
      "address": "105 Headstone Rd, Harrow, HA1 1PG"
    },
    {
      "name": "Keencare Pharmacy & Travel Clinic",
      "website": "http://www.greenlightpharmacy.co.uk",
      "phone": "020 8427 3124 ",
      "address": "18 College Rd, Harrow, HA1 1BE"
    },
    {
      "name": "Boots UK",
      "website": "http://www.boots.co.uk",
      "phone": "020 8861 3543 ",
      "address": "St. Anns Shopping Ctr, Harrow, HA1 1AS"
    },
    {
      "name": "Boots UK",
      "website": "http://www.boots.co.uk",
      "phone": "020 8863 1293 ",
      "address": "16 St. Georges Shopping & Leisure C, Harrow, HA1 1HS"
    },
    {
      "name": "Garner Pharmacy",
      "website": "http://www.garnerpharmacy.co.uk",
      "phone": "020 8863 6338 ",
      "address": "160 Pinner Rd, Harrow, HA1 4JJ"
    },
    {
      "name": "Doorstep Pharmacy",
      "website": "http://www.doorsteppharmacy.com/travel-health-clinic",
      "phone": "020 8869 1200 ",
      "address": "106 High Street, Harrow, HA1 3LP"
    },
    {
      "name": "Tesco Pharmacy",
      "website": "http://www.tesco.com/store-locator/uk/?bID=Pharmacy2628&sccmp=refyo*stcPharmacy2628&utm_source=yext-_others&utm_campaign=Pharmacy2628&utm_medium=organic",
      "phone": "020 3801 4327 ",
      "address": "Station Rd, Harrow, HA1 2TU"
    },
    {
      "name": "The Harrow Pharmacy",
      "website": "http://www.theharrowpharmacy.co.uk",
      "phone": "020 8427 9204 ",
      "address": "73 Station Rd, Harrow, HA1 2TY"
    },
    {
      "name": "Lambda",
      "website": "http://www.lambda-cro.com",
      "phone": "020 8901 3370 ",
      "address": "Sage House, 319, Pinner Rd, Harrow, HA1 4HF"
    },
    {
      "name": "Saville Chemist",
      "website": "https://www.nhs.uk/service-search/find-a-pharmacy/results/ha2%207sr",
      "phone": "020 8427 2051 ",
      "address": "61 Station Rd, Harrow, HA2 7SR"
    },
    {
      "name": "Joogee Pharmacy",
      "website": "http://www.joogeepharma.com",
      "phone": "020 3598 2193 ",
      "address": "27 High Street, Harrow-on-The-Hill, HARROW, HA1 3HT"
    },
    {
      "name": "North Harrow Pharmacy",
      "website": "https://www.nhs.uk/service-search/find-a-pharmacy/results/ha2%206eh",
      "phone": "020 8863 1554 ",
      "address": "509 Pinner Rd, Harrow, HA2 6EH"
    },
    {
      "name": "Churchills Pharmacy",
      "website": "http://churchillspharmacykenton.co.uk/?utm_source=yell&utm_medium=referral&utm_campaign=yell",
      "phone": "020 8907 3511 ",
      "address": "207 Kenton Rd, Harrow, HA3 0HD"
    },
    {
      "name": "Desons Pharmacy",
      "website": "http://www.desonspharmacy.co.uk",
      "phone": "020 8723 0858 ",
      "address": "216 Harrow View, Harrow, HA2 6PL"
    },
    {
      "name": "Robinson's Pharmacy",
      "website": "http://www.numarkpharmacists.com",
      "phone": "020 8427 2110 ",
      "address": "5 Broadway Parade, Pinner Rd, Harrow, HA2 7SY"
    },
    {
      "name": "LloydsPharmacy",
      "website": "http://lloydspharmacy.com",
      "phone": "020 8907 4928 ",
      "address": "1 Nash Way, Harrow, HA3 0JA"
    },
    {
      "name": "Boots UK",
      "website": "http://www.boots.co.uk",
      "phone": "020 8427 1171 ",
      "address": "66-68 High St, Harrow, HA3 7AF"
    },
    {
      "name": "J Sainsbury's Pharmacy",
      "website": "http://www2.sainsburys.co.uk/food/healthylifestyle/help_and_advice/pharmancy/instore-pharmacy.htm",
      "phone": "020 8907 8894 ",
      "address": "157-175 Kenton Rd, Harrow, HA3 0YX"
    },
    {
      "name": "Stratwicks Pharmacy",
      "website": "http://www.alphega-pharmacy.co.uk",
      "phone": "020 8864 1183 ",
      "address": "240 Northolt Rd, Harrow, HA2 8DU"
    },
    {
      "name": "Healthways Pharmacy",
      "website": "http://www.healthwayspharmacy.com",
      "phone": "020 8866 3164 ",
      "address": "382-384 Rayners Lane, Pinner, HA5 5DY"
    },
    {
      "name": "Chana Chemist",
      "phone": "020 8907 0413 ",
      "address": "172 Kenton Road, Kenton, HARROW, HA3 8BL"
    },
    {
      "name": "S & A Pharmacy",
      "website": "https://www.nhs.uk/service-search/find-a-pharmacy/results/ha2%208hr",
      "phone": "020 8422 3006 ",
      "address": "251 Northolt Rd, Harrow, HA2 8HR"
    },
    {
      "name": "Avviro Ltd",
      "website": "http://www.avviropharmacy.co.uk",
      "phone": "020 8938 4693 ",
      "address": "Office 108, Pentax House, South Hill Avenue, Harrow, HA2 0DU"
    }
  ],

  "colleges": [
    {
      "name": "Longwood School & NurserySponsored",
      "website": "#",
      "phone": "01923 253715 ",
      "address": "We serve Harrow|Bushey,WD23"
    },
    {
      "name": "North London Tutorial College",
      "website": "http://www.nltcollege.co.uk/",
      "phone": "020 3597 6941 ",
      "address": "We serve Harrow|London,NW4"
    },
    {
      "name": "Harrow College",
      "phone": "020 8909 6000 ",
      "address": "Harrow-On-The-Hill Campus, Lowlands Road, Harrow, HA1 3AQ"
    },
    {
      "name": "The International School of Sikh Studies",
      "website": "http://www.sikh-uni.ac.uk",
      "phone": "020 8427 5132 ",
      "address": "35 Pinner Rd, Harrow, HA1 4ES"
    },
    {
      "name": "The Jubilee Academy",
      "phone": "020 8863 0877 ",
      "address": "Lowlands Road, HARROW, HA1 3AW"
    },
    {
      "name": "Norbury School",
      "website": "http://www.norbury.harrow.sch.uk",
      "phone": "020 8863 8769 ",
      "address": "Welldon Crescent, Harrow, HA1 1QQ"
    },
    {
      "name": "London School of Massage",
      "website": "http://www.londonschoolofmassage.co.uk",
      "phone": "020 8930 2814 ",
      "address": "10 Bonnersfield Lane, Harrow, HA1 2JR"
    },
    {
      "name": "Quainton Hall School",
      "website": "http://www.quaintonhall.org.uk",
      "phone": "020 8861 8861 ",
      "address": "91 Hindes Rd, Harrow, HA1 1RX"
    },
    {
      "name": "St Anselm's Catholic Primary School",
      "website": "http://www.st-anselms.harrow.sch.uk",
      "phone": "020 8422 1600 ",
      "address": "Roxborough Park, Harrow, HA1 3BE"
    },
    {
      "name": "Buckingham College School",
      "phone": "020 8427 1220 ",
      "address": "15-17 Hindes Rd, Harrow, HA1 1SH"
    },
    {
      "name": "E. Ivor Hughes Foundation",
      "phone": "020 8427 8070 ",
      "address": "1 Hamilton Rd, Harrow, HA1 1SU"
    },
    {
      "name": "Vaughan Primary School",
      "website": "http://www.vaughan.harrow.sch.uk/",
      "phone": "020 8427 7222 ",
      "address": "The Gardens Vaughan Rd, Harrow, HA1 4EL"
    },
    {
      "name": "Alpha Preparatory School Ltd",
      "website": "http://www.alpha.harrow.sch.uk",
      "phone": "020 8427 1471 ",
      "address": "21 Hindes Rd, Harrow, HA1 1SH"
    },
    {
      "name": "Saint Jerome Church of England Bilingual School",
      "website": "http://www.stjeromebilingual.org",
      "phone": "020 3019 6363 ",
      "address": "120 138 Station Rd, Harrow, HA1 2DJ"
    },
    {
      "name": "Harrow School",
      "website": "http://www.harrowschool.org.uk",
      "phone": "020 8872 8000 ",
      "address": "5 High St, Harrow, HA1 3HP"
    },
    {
      "name": "Focus School - Harrow Primary Campus",
      "phone": "020 8427 3876 ",
      "address": "51 Sheepcote Road, HARROW, HA1 2JL"
    },
    {
      "name": "Harrow High School",
      "website": "http://www.hhsweb.org/",
      "phone": "020 8861 7300 ",
      "address": "Gayton Rd, Harrow, HA1 2JG"
    },
    {
      "name": "Whitmore High School",
      "website": "http://www.whitmore.harrow.sch.uk/",
      "phone": "020 8864 7688 ",
      "address": "Porlock Avenue, Harrow, HA2 0AD"
    },
    {
      "name": "The John Lyon School",
      "website": "http://www.johnlyon.org",
      "phone": "020 8515 9400 ",
      "address": "Middle Rd, Harrow, HA2 0HN"
    },
    {
      "name": "Roxeth Mead School",
      "website": "http://roxethmead.com",
      "phone": "020 8422 2092 ",
      "address": "25 Middle Rd, Harrow, HA2 0HW"
    },
    {
      "name": "Harrow Primary School",
      "website": "http://www.harrowprimary.org.uk",
      "phone": "020 3397 7997 ",
      "address": "82 Gayton Rd, Harrow, HA1 2LS"
    },
    {
      "name": "Red Balloon Learner Centre - Northwest London",
      "website": "http://www.redballoonlearner.org",
      "phone": "020 8864 6433 ",
      "address": "13 Kenton Rd, Harrow, HA1 2BW"
    },
    {
      "name": "University of Westminster School of Media Arts & Design",
      "website": "http://www.wmin.ac.uk",
      "phone": "020 8357 7333 ",
      "address": "Watford Rd, Harrow, HA1 3TP"
    },
    {
      "name": "Roxeth Primary School",
      "website": "http://www.roxethschoolharrow.org/",
      "phone": "020 8422 1344 ",
      "address": "Brickfields, Harrow, HA2 0JA"
    },
    {
      "name": "The London Academy of Management & Business Ltd",
      "phone": "020 3137 0647 ",
      "address": "Healthaid Ltd, Healthaid House, Marlborough Hill, Harrow, HA1 1UD"
    }
  ],

  "hospitals": [
    {
      "name": "Northwick Park Hospital",
      "website": "http://www.lnwh.nha.uk",
      "phone": "020 8864 3232 ",
      "address": "Watford Rd, Harrow, HA1 3UJ"
    },
    {
      "name": "Sodexho",
      "phone": "020 8869 3201 ",
      "address": "Watford Rd, Harrow, HA1 3UJ"
    },
    {
      "name": "Northwick Park Mental Health Centre",
      "phone": "0208869 2313 ",
      "address": "Watford Road, Harrow, HA1 3UJ"
    },
    {
      "name": "Trustplus Within St Mark's & Northwick Park Hospitals",
      "website": "http://www.trustplus.co.uk",
      "phone": "020 8869 3390 ",
      "address": "Watford Rd, Harrow, HA1 3UJ"
    },
    {
      "name": "Westlands Rehabilitation Unit",
      "website": "http://www.cygnethealth.co.uk",
      "phone": "020 8907 0770 ",
      "address": "74 Kenton Rd, Harrow, HA3 8AE"
    },
    {
      "name": "Urology Department - Northwick Park Hospital",
      "phone": "0208869 2478 ",
      "address": "Watford Road, Harrow, HA1 3UJ"
    },
    {
      "name": "The Clementine Churchill Hospital",
      "website": "http://www.bmihealthcare.co.uk",
      "phone": "020 8872 3872 ",
      "address": "Sudbury Hill, Harrow, HA1 3RX"
    },
    {
      "name": "Spire Bushey Hospital",
      "phone": "020 8950 9090 ",
      "address": "Heathbourne Road, Bushey, WD23 1RD"
    },
    {
      "name": "London Liposuction Clinic",
      "website": "https://londonliposuction.clinic/",
      "phone": "020 3773 3987 ",
      "address": "114a High St, Edgware, HA8 7HF"
    },
    {
      "name": "Colindale Hospital",
      "website": "http://www.beh-mht.nhs.uk",
      "phone": "020 8952 2381 ",
      "address": "61 Colindale Avenue, Colindale, LONDON, NW9 5DF"
    },
    {
      "name": "Spire Bushey Hospital",
      "website": "http://www.spirehealthcare.com/spire-bushey-hospital/",
      "phone": "020 3553 3127 ",
      "address": "Heathbourne Rd, Bushey, WD23 1RD"
    },
    {
      "name": "Barnet Primary Care Nhs Trust",
      "phone": "0208952 3279 ",
      "address": "Burnt Oak Broadway, Edgware Community Hospital, Edgware, HA8 0AD"
    },
    {
      "name": "Royal National Orthopaedic Hospital",
      "website": "http://www.rnoh.nhs.uk",
      "phone": "020 3947 0100 ",
      "address": "Brockley Hill, Stanmore, HA7 4LP"
    },
    {
      "name": "The Spinal Research Centre",
      "phone": "020 8909 5343 ",
      "address": "Brockley Hill, Stanmore, HA7 4LP"
    },
    {
      "name": "Brent Pct",
      "phone": "020 8453 5900 ",
      "address": "Monks Park Clinic, Monks Park, Wembley, HA9 6JE"
    },
    {
      "name": "Optegra Eye Hospital North London",
      "website": "http://www.optegra.com/hospitals-and-clinics/optegra-eye-hospital-north-london",
      "phone": "020 8205 8003 ",
      "address": "Unit 6 Technology Park, Colindeep Lane, London, NW9 6BX"
    },
    {
      "name": "Central Middlesex Hospital",
      "website": "http://www.nhs.uk",
      "phone": "020 8453 2453 ",
      "address": "Acton Lane, London, NW10 7NS"
    },
    {
      "name": "999 Medical Centre",
      "website": "http://www.999medical.com",
      "phone": "020 8455 9939 ",
      "address": "999 Finchley Rd, London, NW11 7HB"
    },
    {
      "name": "BMI Bishops Wood Hospital",
      "website": "http://www.bmihealthcare.co.uk/hospitals/bmi-bishops-wood-hospital",
      "phone": "01923 835814 ",
      "address": "Rickmansworth Rd, Northwood, HA6 2JW"
    },
    {
      "name": "Richardson Healthcare Ltd",
      "website": "https://www.richardsonhealthcare.com?utm_source=yell&utm_medium=referral&utm_campaign=yell",
      "phone": "0800 170 1126 ",
      "address": "Unit 310 Centennial Park, Centennial Avenue, Borehamwood, WD6 3TJ"
    },
    {
      "name": "Uns Hospitals Ltd",
      "phone": "020 8961 7872 ",
      "address": "Central Middlesex, Acton Lane, London, NW10 7NR"
    },
    {
      "name": "Mount Vernon Hospital",
      "website": "http://www.thh.nhs.uk",
      "phone": "01923 826111 ",
      "address": "Rickmansworth Rd, Northwood, HA6 2RN"
    },
    {
      "name": "Ealing Hospital Nhs Trust",
      "website": "http://www.lnwh.nhs.uk",
      "phone": "020 8967 5000 ",
      "address": "Ealing Hospital Uxbridge Rd, Southall, UB1 3HW"
    },
    {
      "name": "Cygnet Health Care",
      "website": "http://www.cygnethealth.co.uk",
      "phone": "020 8991 6699 ",
      "address": "22 Corfton Rd, London, W5 2HT"
    },
    {
      "name": "Chase Lodge Hospital",
      "website": "https://www.chaselodgehospital.com",
      "phone": "020 8358 7100 ",
      "address": "Chase Lodge Page St, London, NW7 2ED"
    }
  ],

  "doctors": [
    {
      "name": "Medicspot Clinic Harrow Headstone Road",
      "website": "https://www.medicspot.co.uk/clinics/england/london/harrow/harrow/harrow-headstone-road-clinic?utm_source=listings&utm_medium=local&utm_campaign=london&utm_content=harrow%20headstone%20road",
      "phone": "020 8427 2350 ",
      "address": "105 Headstone Rd, Harrow, HA1 1PG"
    },
    {
      "name": "Medicspot Clinic Harrow On The Hill",
      "website": "https://www.medicspot.co.uk/clinics/england/london/harrow/harrow/harrow-on-the-hill-clinic?utm_source=listings&utm_medium=local&utm_campaign=london&utm_content=harrow%20on%20the%20hill",
      "phone": "020 3937 9882 ",
      "address": "18 College Rd, Harrow, HA1 1BE"
    },
    {
      "name": "Dr M.L.P Gross",
      "website": "http://www.neurologyclinic.org.uk",
      "phone": "020 8861 1777 ",
      "address": "105 Nibthwaite Rd, Harrow, HA1 1TE"
    },
    {
      "name": "Savita Medical Centre",
      "website": "http://www.savitamedicalcentre.co.uk",
      "phone": "020 8427 7172 ",
      "address": "48 Harrow View, Harrow, HA1 1RQ"
    },
    {
      "name": "St Peter's Medical Centre",
      "website": "http://www.stpetersmedicalcentre.org.uk",
      "phone": "020 8864 4868 ",
      "address": "Colbeck Rd West, Harrow, HA1 4BS"
    },
    {
      "name": "The Pinner Road Surgery",
      "website": "http://www.nhs.uk",
      "phone": "020 8427 0130 ",
      "address": "196 Pinner Rd West, Harrow, HA1 4JS"
    },
    {
      "name": "The Civic Medical Centre",
      "website": "http://www.civicmedicalcentre.co.uk",
      "phone": "020 8427 9445 ",
      "address": "18-20 Bethecar Rd, Harrow, HA1 1SE"
    },
    {
      "name": "Pinner View Medical Centre",
      "website": "http://www.pinnerviewmedicalcentre.nhs.uk",
      "phone": "020 8427 1246 ",
      "address": "33 Pinner View, Harrow, HA1 4QG"
    },
    {
      "name": "Medicspot Clinic Harrow Wealdstone",
      "website": "https://www.medicspot.co.uk/clinics/england/london/harrow/harrow/harrow-wealdstone-clinic?utm_source=listings&utm_medium=local&utm_campaign=london&utm_content=harrow%20wealdstone",
      "phone": "020 8092 7294 ",
      "address": "73 Station Rd, Harrow, HA1 2TY"
    },
    {
      "name": "Mr M.H Ornstein FRCS",
      "website": "https://www.nhs.uk/service-search/find-a-gp/results/ha2%200hx",
      "phone": "020 8423 8236 ",
      "address": "23 Crown St, Harrow On The Hill, Harrow, HA2 0HX"
    },
    {
      "name": "The Shaftesbury Medical Centre",
      "website": "http://www.shaftesburymedicalcentre.co.uk",
      "phone": "020 8423 5500 ",
      "address": "39 Shaftesbury Parade, Harrow, HA2 0AH"
    },
    {
      "name": "G P Direct",
      "website": "http://www.gpdirect.co.uk",
      "phone": "020 8515 9300 ",
      "address": "3-7 Welbeck Rd, Harrow, HA2 0RQ"
    },
    {
      "name": "Medicspot Clinic Harrow High Street",
      "website": "https://www.medicspot.co.uk/clinics/england/london/harrow/harrow/harrow-high-street-clinic?utm_source=listings&utm_medium=local&utm_campaign=london&utm_content=harrow%20high%20street",
      "phone": "020 8869 1200 ",
      "address": "106 High St, Harrow, HA1 3LP"
    },
    {
      "name": "Med-Law Psychiatric Services",
      "website": "https://www.nhs.uk/service-search/find-a-gp/results/ha1%203jl",
      "phone": "0870 600 2800 ",
      "address": "Bowden House Clinic London Rd, Harrow, HA1 3JL"
    },
    {
      "name": "The Ridgeway Surgery",
      "website": "http://www.ridgeway-surgery.co.uk",
      "phone": "020 8427 2470 ",
      "address": "71 Imperial Drive North, Harrow, HA2 7DU"
    }
  ]
}
